0090ac2f-b758-11ee-9bc3-e00af68d7526.jpg,[]
021a82ea-b758-11ee-8621-e00af68d7526.jpg,[]
0397f1da-b758-11ee-b7dc-e00af68d7526.jpg,[]
0d503755-b758-11ee-819b-e00af68d7526.jpg,['5T3ALNZ']
0f12830a-b758-11ee-a142-e00af68d7526.jpg,['5T3ALL']
11ca864b-b758-11ee-bc1c-e00af68d7526.jpg,['5T3ALMZ']
1341bff6-b758-11ee-a61c-e00af68d7526.jpg,['5T3ALM?']
14b6e99e-b758-11ee-9bb6-e00af68d7526.jpg,['ST3ALN']
1e8de465-b758-11ee-b631-e00af68d7526.jpg,[]
201ebc41-b758-11ee-9c0f-e00af68d7526.jpg,[]
219d0093-b758-11ee-a009-e00af68d7526.jpg,[]
3613aeb9-b758-11ee-8d18-e00af68d7526.jpg,['E4Z']
37db4079-b758-11ee-9548-e00af68d7526.jpg,['DM']
39513bb4-b758-11ee-9a8a-e00af68d7526.jpg,['B5']
29ab444f-b75b-11ee-916d-e00af68d7526.jpg,['Sn66 XA']
2b6582aa-b75b-11ee-945c-e00af68d7526.jpg,['SN66 XHZ']
2ced2988-b75b-11ee-9e8d-e00af68d7526.jpg,['Sn66XHZ']
2e6ffc34-b75b-11ee-8c4c-e00af68d7526.jpg,['SN66 XMZ']
308ec909-b75b-11ee-8109-e00af68d7526.jpg,['L']
320e0408-b75b-11ee-8efa-e00af68d7526.jpg,['SN66XHZ']
33950575-b75b-11ee-8f09-e00af68d7526.jpg,['SN66 XHZ']
35174504-b75b-11ee-8919-e00af68d7526.jpg,['SN66 XMZ']
36939efa-b75b-11ee-9f1c-e00af68d7526.jpg,['SN66 XMZ']
3f2aeda5-b75b-11ee-bdba-e00af68d7526.jpg,['6166KhZA']
40e6a1a7-b75b-11ee-8f35-e00af68d7526.jpg,['SN66 XHZ']
4270fa44-b75b-11ee-b7b6-e00af68d7526.jpg,['SN66 XHZ']
43f3530c-b75b-11ee-858e-e00af68d7526.jpg,['SN66XHZ']
456ff7e7-b75b-11ee-80a3-e00af68d7526.jpg,['SN66 XHZ']
46f8f2dc-b75b-11ee-b4fc-e00af68d7526.jpg,['SN66 XHZ']
48808092-b75b-11ee-ae72-e00af68d7526.jpg,['SN66 XhZ']
4a012e94-b75b-11ee-9abd-e00af68d7526.jpg,['SN66 XMZ']
4b678aba-b75b-11ee-a45a-e00af68d7526.jpg,['SN66 XHZ']
4cdeb36b-b75b-11ee-ac53-e00af68d7526.jpg,['Sn66 XhZ']
4e49e52b-b75b-11ee-806a-e00af68d7526.jpg,['SN66 XMZ']
4fbd32fe-b75b-11ee-bd73-e00af68d7526.jpg,['SN66 XHZ']
6041dc3b-b75b-11ee-9dc3-e00af68d7526.jpg,[]
61b8a23c-b75b-11ee-9bce-e00af68d7526.jpg,['IC-4583']
6332ce3e-b75b-11ee-bc47-e00af68d7526.jpg,[]
655da6a9-b75b-11ee-a823-e00af68d7526.jpg,['DMC-4583']
66ddc083-b75b-11ee-bbf0-e00af68d7526.jpg,['DMC-4583']
684b3b6e-b75b-11ee-bcce-e00af68d7526.jpg,['DMC-4583']
71c60a5d-b75b-11ee-8b21-e00af68d7526.jpg,[]
7342b3c5-b75b-11ee-83ed-e00af68d7526.jpg,[]
7b409c1b-b75b-11ee-9dd1-e00af68d7526.jpg,['2634567']
7e2104f3-b75b-11ee-8130-e00af68d7526.jpg,"['2034,567']"
7fb1a472-b75b-11ee-b6ea-e00af68d7526.jpg,"['2034,5671']"
81131e91-b75b-11ee-93e8-e00af68d7526.jpg,['2034567']
8292655e-b75b-11ee-9438-e00af68d7526.jpg,"['2034,567']"
840865c9-b75b-11ee-b59b-e00af68d7526.jpg,['2034567']
857a7d50-b75b-11ee-ac2c-e00af68d7526.jpg,"['2034,567']"
975ee10a-b75b-11ee-9e89-e00af68d7526.jpg,['749 ADO']
98e50500-b75b-11ee-bc52-e00af68d7526.jpg,[]
9a52e76c-b75b-11ee-82b7-e00af68d7526.jpg,['749 ADO']
9bdda85a-b75b-11ee-946c-e00af68d7526.jpg,[]
9d4d7393-b75b-11ee-9f4d-e00af68d7526.jpg,[]
9ed44ebb-b75b-11ee-9363-e00af68d7526.jpg,[]
a03d291c-b75b-11ee-8fdc-e00af68d7526.jpg,[]
a1b4426c-b75b-11ee-8d98-e00af68d7526.jpg,[]
a327e961-b75b-11ee-9b27-e00af68d7526.jpg,[]
a4a5b57b-b75b-11ee-98ef-e00af68d7526.jpg,[]
b3af0f5a-b75b-11ee-b7f1-e00af68d7526.jpg,[]
b6ec9395-b75b-11ee-9367-e00af68d7526.jpg,[]
b851499c-b75b-11ee-a05d-e00af68d7526.jpg,[]
b9cff684-b75b-11ee-bc1e-e00af68d7526.jpg,[]
bb464e67-b75b-11ee-abdb-e00af68d7526.jpg,[]
bcc83102-b75b-11ee-9b08-e00af68d7526.jpg,[]
be510dd7-b75b-11ee-9123-e00af68d7526.jpg,[]
c8e06c74-b75b-11ee-9edf-e00af68d7526.jpg,['247172/']
ca789766-b75b-11ee-9ad4-e00af68d7526.jpg,['Z4.71721']
cbff1196-b75b-11ee-b77a-e00af68d7526.jpg,['Z4.71721']
cd641ce1-b75b-11ee-9533-e00af68d7526.jpg,"['1Z""71721']"
cedd57ba-b75b-11ee-9bff-e00af68d7526.jpg,"['Z""7172/']"
d061706a-b75b-11ee-9b45-e00af68d7526.jpg,['7172']
d1f5c455-b75b-11ee-8c04-e00af68d7526.jpg,[]
